Handle,Name,Memory Class,Owning Task,Reading Tasks,Writing Tasks,Owning OSApplication,Allocated Core,VarClass Handle,Section Name
-1,__ASTREE_Task,MemoryClasses.ThreadGlobal_MemoryLocal,IdleTask_OsCore_Core0,"{'IdleTask_OsCore_Core0': 2, 'IdleTask_OsCore_Core1': 2, 'T2_periodic_9ms': 4, 'T5_AltitudeObserver': 9, 'T6_periodic_9ms': 4, 'T3_AttitudeObserver': 3, 'IdleTask_OsCore_Core2': 2, 'T2_EngineController': 3, 'T1_Controllers': 3, 'T1_periodic_9ms': 4, 'T4_HeightObserver': 9, 'T4_periodic_3ms': 4, 'main-process': 1, 'T6_DSP': 3, 'T5_periodic_3ms': 4, 'T3_periodic_9ms': 4}","{'IdleTask_OsCore_Core0': 2, 'IdleTask_OsCore_Core1': 2, 'T2_periodic_9ms': 2, 'T5_AltitudeObserver': 9, 'T6_periodic_9ms': 2, 'T3_AttitudeObserver': 3, 'IdleTask_OsCore_Core2': 2, 'T2_EngineController': 3, 'T1_Controllers': 3, 'T1_periodic_9ms': 2, 'T4_HeightObserver': 9, 'T4_periodic_3ms': 2, 'main-process': 3, 'T6_DSP': 3, 'T5_periodic_3ms': 2, 'T3_periodic_9ms': 2}","OS Application SystemApplication_OsCore_Core0 on Core 0 managing ['CounterIsr_SystemTimer_0', 'XSignalIsr_OsCore_Core0', 'IdleTask_OsCore_Core0']",0,-1.0,SystemApplication_OsCore_Core0_0_IdleTask_OsCore_Core0_6
-1,OSError_params,MemoryClasses.ThreadGlobal_MemoryLocal,IdleTask_OsCore_Core0,,"{'IdleTask_OsCore_Core0': 1, 'IdleTask_OsCore_Core1': 1, 'T2_periodic_9ms': 2, 'T5_AltitudeObserver': 3, 'T6_periodic_9ms': 2, 'T3_AttitudeObserver': 1, 'IdleTask_OsCore_Core2': 1, 'T2_EngineController': 1, 'T1_Controllers': 1, 'T1_periodic_9ms': 2, 'T4_HeightObserver': 3, 'T4_periodic_3ms': 2, 'main-process': 1, 'T6_DSP': 1, 'T5_periodic_3ms': 2, 'T3_periodic_9ms': 2}","OS Application SystemApplication_OsCore_Core0 on Core 0 managing ['CounterIsr_SystemTimer_0', 'XSignalIsr_OsCore_Core0', 'IdleTask_OsCore_Core0']",0,-1.0,SystemApplication_OsCore_Core0_0_IdleTask_OsCore_Core0_6
-1,X_Sa2_VorfilterY,MemoryClasses.CPUn_ThreadLocal_MemoryLocal,T1_Controllers,{'T1_Controllers': 14},{'T1_Controllers': 8},OS Application OS_App0_Core0 on Core 1 managing ['T1_Controllers'],1,-1.0,OS_App0_Core0_1_T1_Controllers_0
-1,X_Sa3_VorfilterX,MemoryClasses.CPUn_ThreadLocal_MemoryLocal,T1_Controllers,{'T1_Controllers': 14},{'T1_Controllers': 8},OS Application OS_App0_Core0 on Core 1 managing ['T1_Controllers'],1,-1.0,OS_App0_Core0_1_T1_Controllers_0
-1,In_attCtr_takeOff_engCtr,MemoryClasses.Constant_Local,T1_Controllers,{'T1_Controllers': 11},,OS Application OS_App0_Core0 on Core 1 managing ['T1_Controllers'],1,-1.0,OS_App0_Core0_1_T1_Controllers_8
-1,x_axis__VI_Integrator,MemoryClasses.Measurment,T3_AttitudeObserver,{'T3_AttitudeObserver': 6},{'T3_AttitudeObserver': 1},OS Application OS_App1_Core0 on Core 1 managing ['T3_AttitudeObserver'],1,-1.0,
-1,__ASTREE_ISR,MemoryClasses.Constant_Local,XSignalIsr_OsCore_Core2,"{'XSignalIsr_OsCore_Core2': 1, 'CounterIsr_SystemTimer_0': 1, 'CounterIsr_SystemTimer_1': 1, 'XSignalIsr_OsCore_Core0': 1, 'XSignalIsr_OsCore_Core1': 1, 'CounterIsr_SystemTimer_2': 1}",,"OS Application SystemApplication_OsCore_Core2 on Core 2 managing ['IdleTask_OsCore_Core2', 'XSignalIsr_OsCore_Core2', 'CounterIsr_SystemTimer_2']",0,-1.0,SystemApplication_OsCore_Core2_0_XSignalIsr_OsCore_Core2_8
-1,Out_takeOff_engCtr,MemoryClasses.CPUn_ThreadLocal_MemoryLocal,T2_EngineController,{'T2_EngineController': 5},{'T2_EngineController': 1},OS Application OS_App0_Core1 on Core 1 managing ['T2_EngineController'],1,-1.0,OS_App0_Core1_1_T2_EngineController_0
-1,Sb2_Lookup_Table1_axis,MemoryClasses.Constant_Local,T2_EngineController,{'T2_EngineController': 6},,OS Application OS_App0_Core1 on Core 1 managing ['T2_EngineController'],1,-1.0,OS_App0_Core1_1_T2_EngineController_8
-1,Sb2_Lookup_Table2_axis,MemoryClasses.Constant_Local,T2_EngineController,{'T2_EngineController': 6},,OS Application OS_App0_Core1 on Core 1 managing ['T2_EngineController'],1,-1.0,OS_App0_Core1_1_T2_EngineController_8
-1,Sb2_Lookup_Table3_axis,MemoryClasses.Constant_Local,T2_EngineController,{'T2_EngineController': 6},,OS Application OS_App0_Core1 on Core 1 managing ['T2_EngineController'],1,-1.0,OS_App0_Core1_1_T2_EngineController_8
-1,Sb2_Lookup_Table_axis,MemoryClasses.Constant_Local,T2_EngineController,{'T2_EngineController': 6},,OS Application OS_App0_Core1 on Core 1 managing ['T2_EngineController'],1,-1.0,OS_App0_Core1_1_T2_EngineController_8
-1,Sb3_Lookup_Table_axis,MemoryClasses.Constant_Local,T2_EngineController,{'T2_EngineController': 6},,OS Application OS_App0_Core1 on Core 1 managing ['T2_EngineController'],1,-1.0,OS_App0_Core1_1_T2_EngineController_8
-1,DiscreteTimeIntegrator1,MemoryClasses.CPUn_ThreadLocal_MemoryLocal,T5_AltitudeObserver,{'T5_AltitudeObserver': 12},{'T5_AltitudeObserver': 3},OS Application OS_App1_Core2 on Core 0 managing ['T5_AltitudeObserver'],0,-1.0,OS_App1_Core2_0_T5_AltitudeObserver_0
-1,DiscreteTimeIntegrator1,MemoryClasses.CPUn_ThreadLocal_MemoryLocal,T4_HeightObserver,{'T4_HeightObserver': 12},{'T4_HeightObserver': 3},OS Application OS_App1_Core1 on Core 2 managing ['T4_HeightObserver'],2,-1.0,OS_App1_Core1_2_T4_HeightObserver_0
-1,x_axis__DiscreteTimeIntegrator4,MemoryClasses.CPUn_ThreadLocal_MemoryLocal,T3_AttitudeObserver,{'T3_AttitudeObserver': 4},{'T3_AttitudeObserver': 1},OS Application OS_App1_Core0 on Core 1 managing ['T3_AttitudeObserver'],1,-1.0,OS_App1_Core0_1_T3_AttitudeObserver_0
-1,x_axis__DiscreteTimeIntegrator5,MemoryClasses.CPUn_ThreadLocal_MemoryLocal,T3_AttitudeObserver,{'T3_AttitudeObserver': 4},{'T3_AttitudeObserver': 1},OS Application OS_App1_Core0 on Core 1 managing ['T3_AttitudeObserver'],1,-1.0,OS_App1_Core0_1_T3_AttitudeObserver_0
-1,x_axis__DiscreteTimeIntegrator6,MemoryClasses.CPUn_ThreadLocal_MemoryLocal,T3_AttitudeObserver,{'T3_AttitudeObserver': 4},{'T3_AttitudeObserver': 1},OS Application OS_App1_Core0 on Core 1 managing ['T3_AttitudeObserver'],1,-1.0,OS_App1_Core0_1_T3_AttitudeObserver_0
-1,X_Sa4_Discrete_Transfer_Fcn2,MemoryClasses.CPUn_ThreadLocal_MemoryLocal,T1_Controllers,{'T1_Controllers': 3},{'T1_Controllers': 2},OS Application OS_App0_Core0 on Core 1 managing ['T1_Controllers'],1,-1.0,OS_App0_Core0_1_T1_Controllers_0
-1,y_axis__DiscreteTimeIntegrator3,MemoryClasses.CPUn_ThreadLocal_MemoryLocal,T3_AttitudeObserver,{'T3_AttitudeObserver': 4},{'T3_AttitudeObserver': 1},OS Application OS_App1_Core0 on Core 1 managing ['T3_AttitudeObserver'],1,-1.0,OS_App1_Core0_1_T3_AttitudeObserver_0
-1,y_axis__DiscreteTimeIntegrator4,MemoryClasses.CPUn_ThreadLocal_MemoryLocal,T3_AttitudeObserver,{'T3_AttitudeObserver': 4},{'T3_AttitudeObserver': 1},OS Application OS_App1_Core0 on Core 1 managing ['T3_AttitudeObserver'],1,-1.0,OS_App1_Core0_1_T3_AttitudeObserver_0
-1,y_axis__DiscreteTimeIntegrator5,MemoryClasses.CPUn_ThreadLocal_MemoryLocal,T3_AttitudeObserver,{'T3_AttitudeObserver': 4},{'T3_AttitudeObserver': 1},OS Application OS_App1_Core0 on Core 1 managing ['T3_AttitudeObserver'],1,-1.0,OS_App1_Core0_1_T3_AttitudeObserver_0
-1,y_axis__DiscreteTimeIntegrator6,MemoryClasses.CPUn_ThreadLocal_MemoryLocal,T3_AttitudeObserver,{'T3_AttitudeObserver': 4},{'T3_AttitudeObserver': 1},OS Application OS_App1_Core0 on Core 1 managing ['T3_AttitudeObserver'],1,-1.0,OS_App1_Core0_1_T3_AttitudeObserver_0
-1,DiscreteTimeIntegrator,MemoryClasses.CPUn_ThreadLocal_MemoryLocal,T5_AltitudeObserver,{'T5_AltitudeObserver': 9},{'T5_AltitudeObserver': 3},OS Application OS_App1_Core2 on Core 0 managing ['T5_AltitudeObserver'],0,-1.0,OS_App1_Core2_0_T5_AltitudeObserver_0
-1,DiscreteTimeIntegrator,MemoryClasses.CPUn_ThreadLocal_MemoryLocal,T4_HeightObserver,{'T4_HeightObserver': 9},{'T4_HeightObserver': 3},OS Application OS_App1_Core1 on Core 2 managing ['T4_HeightObserver'],2,-1.0,OS_App1_Core1_2_T4_HeightObserver_0
-1,DiscreteTimeIntegrator2,MemoryClasses.CPUn_ThreadLocal_MemoryLocal,T5_AltitudeObserver,{'T5_AltitudeObserver': 9},{'T5_AltitudeObserver': 3},OS Application OS_App1_Core2 on Core 0 managing ['T5_AltitudeObserver'],0,-1.0,OS_App1_Core2_0_T5_AltitudeObserver_0
-1,DiscreteTimeIntegrator2,MemoryClasses.CPUn_ThreadLocal_MemoryLocal,T4_HeightObserver,{'T4_HeightObserver': 9},{'T4_HeightObserver': 3},OS Application OS_App1_Core1 on Core 2 managing ['T4_HeightObserver'],2,-1.0,OS_App1_Core1_2_T4_HeightObserver_0
-1,DiscreteTimeIntegrator3,MemoryClasses.CPUn_ThreadLocal_MemoryLocal,T5_AltitudeObserver,{'T5_AltitudeObserver': 9},{'T5_AltitudeObserver': 3},OS Application OS_App1_Core2 on Core 0 managing ['T5_AltitudeObserver'],0,-1.0,OS_App1_Core2_0_T5_AltitudeObserver_0
-1,DiscreteTimeIntegrator3,MemoryClasses.CPUn_ThreadLocal_MemoryLocal,T4_HeightObserver,{'T4_HeightObserver': 9},{'T4_HeightObserver': 3},OS Application OS_App1_Core1 on Core 2 managing ['T4_HeightObserver'],2,-1.0,OS_App1_Core1_2_T4_HeightObserver_0
-1,Out_Altitude_m_dsp_value,MemoryClasses.ThreadGlobal_MemoryLocal,T6_DSP,"{'T5_AltitudeObserver': 3, 'T4_HeightObserver': 3}",{'T6_DSP': 2},OS Application OS_App0_Core2 on Core 0 managing ['T6_DSP'],0,-1.0,OS_App0_Core2_0_T6_DSP_6
-1,Out_takeOff_engCtr,MemoryClasses.Constant_Local,T5_AltitudeObserver,"{'T5_AltitudeObserver': 3, 'T3_AttitudeObserver': 1, 'T1_Controllers': 1, 'T4_HeightObserver': 3}",,OS Application OS_App1_Core2 on Core 0 managing ['T5_AltitudeObserver'],2,-1.0,OS_App1_Core2_2_T5_AltitudeObserver_8
-1,Out_throttleFront_engCtr,MemoryClasses.CPUn_ThreadLocal_MemoryLocal,T2_EngineController,{'T2_EngineController': 1},{'T2_EngineController': 3},OS Application OS_App0_Core1 on Core 1 managing ['T2_EngineController'],1,-1.0,OS_App0_Core1_1_T2_EngineController_0
-1,Out_throttleLeft_engCtr,MemoryClasses.CPUn_ThreadLocal_MemoryLocal,T2_EngineController,{'T2_EngineController': 1},{'T2_EngineController': 3},OS Application OS_App0_Core1 on Core 1 managing ['T2_EngineController'],1,-1.0,OS_App0_Core1_1_T2_EngineController_0
-1,Out_throttleRear_engCtr,MemoryClasses.CPUn_ThreadLocal_MemoryLocal,T2_EngineController,{'T2_EngineController': 1},{'T2_EngineController': 3},OS Application OS_App0_Core1 on Core 1 managing ['T2_EngineController'],1,-1.0,OS_App0_Core1_1_T2_EngineController_0
-1,Out_throttleRight_engCtr,MemoryClasses.CPUn_ThreadLocal_MemoryLocal,T2_EngineController,{'T2_EngineController': 1},{'T2_EngineController': 3},OS Application OS_App0_Core1 on Core 1 managing ['T2_EngineController'],1,-1.0,OS_App0_Core1_1_T2_EngineController_0
-1,Sa2_Saturation,MemoryClasses.CPUn_ThreadLocal_MemoryLocal,T1_Controllers,{'T1_Controllers': 1},{'T1_Controllers': 3},OS Application OS_App0_Core0 on Core 1 managing ['T1_Controllers'],1,-1.0,OS_App0_Core0_1_T1_Controllers_0
-1,Sa3_Saturation,MemoryClasses.CPUn_ThreadLocal_MemoryLocal,T1_Controllers,{'T1_Controllers': 1},{'T1_Controllers': 3},OS Application OS_App0_Core0 on Core 1 managing ['T1_Controllers'],1,-1.0,OS_App0_Core0_1_T1_Controllers_0
-1,Sb2_Lookup_Table1_map,MemoryClasses.Constant_Local,T2_EngineController,{'T2_EngineController': 4},,OS Application OS_App0_Core1 on Core 1 managing ['T2_EngineController'],1,-1.0,OS_App0_Core1_1_T2_EngineController_8
-1,Sb2_Lookup_Table2_map,MemoryClasses.Constant_Local,T2_EngineController,{'T2_EngineController': 4},,OS Application OS_App0_Core1 on Core 1 managing ['T2_EngineController'],1,-1.0,OS_App0_Core1_1_T2_EngineController_8
-1,Sb2_Lookup_Table3_map,MemoryClasses.Constant_Local,T2_EngineController,{'T2_EngineController': 4},,OS Application OS_App0_Core1 on Core 1 managing ['T2_EngineController'],1,-1.0,OS_App0_Core1_1_T2_EngineController_8
-1,Sb2_Lookup_Table_map,MemoryClasses.Constant_Local,T2_EngineController,{'T2_EngineController': 4},,OS Application OS_App0_Core1 on Core 1 managing ['T2_EngineController'],1,-1.0,OS_App0_Core1_1_T2_EngineController_8
-1,Sb3_Lookup_Table_map,MemoryClasses.Constant_Local,T2_EngineController,{'T2_EngineController': 4},,OS Application OS_App0_Core1 on Core 1 managing ['T2_EngineController'],1,-1.0,OS_App0_Core1_1_T2_EngineController_8
-1,tor_conv__Lookup_Table1_table,MemoryClasses.Constant_Local,T2_EngineController,{'T2_EngineController': 4},,OS Application OS_App0_Core1 on Core 1 managing ['T2_EngineController'],1,-1.0,OS_App0_Core1_1_T2_EngineController_8
-1,tor_conv__Lookup_Table2_table,MemoryClasses.Constant_Local,T2_EngineController,{'T2_EngineController': 4},,OS Application OS_App0_Core1 on Core 1 managing ['T2_EngineController'],1,-1.0,OS_App0_Core1_1_T2_EngineController_8
-1,tor_conv__Lookup_Table3_table,MemoryClasses.Constant_Local,T2_EngineController,{'T2_EngineController': 4},,OS Application OS_App0_Core1 on Core 1 managing ['T2_EngineController'],1,-1.0,OS_App0_Core1_1_T2_EngineController_8
-1,tor_conv__Lookup_Table_table,MemoryClasses.Constant_Local,T2_EngineController,{'T2_EngineController': 4},,OS Application OS_App0_Core1 on Core 1 managing ['T2_EngineController'],1,-1.0,OS_App0_Core1_1_T2_EngineController_8
-1,tor_to_thro_conv__Lookup_Table_table,MemoryClasses.Constant_Local,T2_EngineController,{'T2_EngineController': 4},,OS Application OS_App0_Core1 on Core 1 managing ['T2_EngineController'],1,-1.0,OS_App0_Core1_1_T2_EngineController_8
-1,x_axis__DiscreteTimeIntegrator2,MemoryClasses.CPUn_ThreadLocal_MemoryLocal,T3_AttitudeObserver,{'T3_AttitudeObserver': 3},{'T3_AttitudeObserver': 1},OS Application OS_App1_Core0 on Core 1 managing ['T3_AttitudeObserver'],1,-1.0,OS_App1_Core0_1_T3_AttitudeObserver_0
-1,x_axis__DiscreteTimeIntegrator3,MemoryClasses.CPUn_ThreadLocal_MemoryLocal,T3_AttitudeObserver,{'T3_AttitudeObserver': 3},{'T3_AttitudeObserver': 1},OS Application OS_App1_Core0 on Core 1 managing ['T3_AttitudeObserver'],1,-1.0,OS_App1_Core0_1_T3_AttitudeObserver_0
-1,X_Sa4_Yaw_Controller,MemoryClasses.CPUn_ThreadLocal_MemoryLocal,T1_Controllers,{'T1_Controllers': 2},{'T1_Controllers': 2},OS Application OS_App0_Core0 on Core 1 managing ['T1_Controllers'],1,-1.0,OS_App0_Core0_1_T1_Controllers_0
-1,y_axis__DiscreteTimeIntegrator2,MemoryClasses.CPUn_ThreadLocal_MemoryLocal,T3_AttitudeObserver,{'T3_AttitudeObserver': 3},{'T3_AttitudeObserver': 1},OS Application OS_App1_Core0 on Core 1 managing ['T3_AttitudeObserver'],1,-1.0,OS_App1_Core0_1_T3_AttitudeObserver_0
-1,about_x_axis__DiscreteTimeIntegrator,MemoryClasses.CPUn_ThreadLocal_MemoryLocal,T1_Controllers,{'T1_Controllers': 2},{'T1_Controllers': 1},OS Application OS_App0_Core0 on Core 1 managing ['T1_Controllers'],1,-1.0,OS_App0_Core0_1_T1_Controllers_0
-1,about_y_axis__DiscreteTimeIntegrator,MemoryClasses.CPUn_ThreadLocal_MemoryLocal,T1_Controllers,{'T1_Controllers': 2},{'T1_Controllers': 1},OS Application OS_App0_Core0 on Core 1 managing ['T1_Controllers'],1,-1.0,OS_App0_Core0_1_T1_Controllers_0
-1,DiscreteIntegrator_wrapper,MemoryClasses.CPUn_ThreadLocal_MemoryLocal,T1_Controllers,{'T1_Controllers': 2},{'T1_Controllers': 1},OS Application OS_App0_Core0 on Core 1 managing ['T1_Controllers'],1,-1.0,OS_App0_Core0_1_T1_Controllers_0
-1,i,MemoryClasses.CPUn_ThreadLocal_MemoryLocal,T6_DSP,{'T6_DSP': 2},{'T6_DSP': 1},OS Application OS_App0_Core2 on Core 0 managing ['T6_DSP'],0,-1.0,OS_App0_Core2_0_T6_DSP_0
-1,In_attCtr_angleX_RAD_rem,MemoryClasses.Constant_Local,T1_Controllers,{'T1_Controllers': 3},,OS Application OS_App0_Core0 on Core 1 managing ['T1_Controllers'],1,-1.0,OS_App0_Core0_1_T1_Controllers_8
-1,In_attCtr_angleY_RAD_rem,MemoryClasses.Constant_Local,T1_Controllers,{'T1_Controllers': 3},,OS Application OS_App0_Core0 on Core 1 managing ['T1_Controllers'],1,-1.0,OS_App0_Core0_1_T1_Controllers_8
-1,In_attObs_accX_g_dsp_value,MemoryClasses.Constant_Local,T3_AttitudeObserver,{'T3_AttitudeObserver': 3},,OS Application OS_App1_Core0 on Core 1 managing ['T3_AttitudeObserver'],1,-1.0,OS_App1_Core0_1_T3_AttitudeObserver_8
-1,In_attObs_accY_g_dsp_value,MemoryClasses.Constant_Local,T3_AttitudeObserver,{'T3_AttitudeObserver': 3},,OS Application OS_App1_Core0 on Core 1 managing ['T3_AttitudeObserver'],1,-1.0,OS_App1_Core0_1_T3_AttitudeObserver_8
-1,Out_AccZ_Mss_altObs_value,MemoryClasses.CPUn_ThreadLocal_MemoryLocal,T5_AltitudeObserver,{'T5_AltitudeObserver': 6},{'T5_AltitudeObserver': 3},OS Application OS_App1_Core2 on Core 0 managing ['T5_AltitudeObserver'],0,-1.0,OS_App1_Core2_0_T5_AltitudeObserver_0
-1,Out_Altitude_m_dsp_processVariance,MemoryClasses.CPUn_ThreadGlobal_MemoryLocal,T6_DSP,{'T5_AltitudeObserver': 3},{'T6_DSP': 2},OS Application OS_App0_Core2 on Core 0 managing ['T6_DSP'],0,-1.0,OS_App0_Core2_0_T6_DSP_2
-1,Out_Altitude_m_dsp_valid,MemoryClasses.CPUn_ThreadGlobal_MemoryLocal,T6_DSP,{'T5_AltitudeObserver': 3},{'T6_DSP': 2},OS Application OS_App0_Core2 on Core 0 managing ['T6_DSP'],0,-1.0,OS_App0_Core2_0_T6_DSP_2
-1,Out_ThrustZ_g_altCon,MemoryClasses.CPUn_ThreadLocal_MemoryLocal,T1_Controllers,,{'T1_Controllers': 3},OS Application OS_App0_Core0 on Core 1 managing ['T1_Controllers'],1,-1.0,OS_App0_Core0_1_T1_Controllers_0
-1,Sa4_Yaw_Controller,MemoryClasses.CPUn_ThreadLocal_MemoryLocal,T1_Controllers,{'T1_Controllers': 2},{'T1_Controllers': 1},OS Application OS_App0_Core0 on Core 1 managing ['T1_Controllers'],1,-1.0,OS_App0_Core0_1_T1_Controllers_0
-1,x_axis__DiscreteTimeIntegrator7,MemoryClasses.CPUn_ThreadLocal_MemoryLocal,T3_AttitudeObserver,{'T3_AttitudeObserver': 2},{'T3_AttitudeObserver': 1},OS Application OS_App1_Core0 on Core 1 managing ['T3_AttitudeObserver'],1,-1.0,OS_App1_Core0_1_T3_AttitudeObserver_0
-1,x_axis__VI_Gain,MemoryClasses.Calibration,T3_AttitudeObserver,{'T3_AttitudeObserver': 3},,OS Application OS_App1_Core0 on Core 1 managing ['T3_AttitudeObserver'],1,-1.0,
-1,y_axis__DiscreteTimeIntegrator1,MemoryClasses.CPUn_ThreadLocal_MemoryLocal,T3_AttitudeObserver,{'T3_AttitudeObserver': 2},{'T3_AttitudeObserver': 1},OS Application OS_App1_Core0 on Core 1 managing ['T3_AttitudeObserver'],1,-1.0,OS_App1_Core0_1_T3_AttitudeObserver_0
-1,y_axis__DiscreteTimeIntegrator7,MemoryClasses.CPUn_ThreadLocal_MemoryLocal,T3_AttitudeObserver,{'T3_AttitudeObserver': 2},{'T3_AttitudeObserver': 1},OS Application OS_App1_Core0 on Core 1 managing ['T3_AttitudeObserver'],1,-1.0,OS_App1_Core0_1_T3_AttitudeObserver_0
-1,In_altCtr_VelocityZ_Ms_rem,MemoryClasses.CPUn_ThreadLocal_MemoryLocal,T1_Controllers,{'T1_Controllers': 1},{'T1_Controllers': 1},OS Application OS_App0_Core0 on Core 1 managing ['T1_Controllers'],1,-1.0,OS_App0_Core0_1_T1_Controllers_0
-1,In_attCtr_angularRateZ_RADs_dsp,MemoryClasses.Constant_Local,T1_Controllers,{'T1_Controllers': 2},,OS Application OS_App0_Core0 on Core 1 managing ['T1_Controllers'],1,-1.0,OS_App0_Core0_1_T1_Controllers_8
-1,In_attCtr_statesX_attObs_angle,MemoryClasses.Constant_Local,T1_Controllers,{'T1_Controllers': 2},,OS Application OS_App0_Core0 on Core 1 managing ['T1_Controllers'],1,-1.0,OS_App0_Core0_1_T1_Controllers_8
-1,In_attCtr_statesY_attObs_angle,MemoryClasses.Constant_Local,T1_Controllers,{'T1_Controllers': 2},,OS Application OS_App0_Core0 on Core 1 managing ['T1_Controllers'],1,-1.0,OS_App0_Core0_1_T1_Controllers_8
-1,In_attObs_angularRateX_RADs_dsp_value,MemoryClasses.Constant_Local,T3_AttitudeObserver,{'T3_AttitudeObserver': 2},,OS Application OS_App1_Core0 on Core 1 managing ['T3_AttitudeObserver'],1,-1.0,OS_App1_Core0_1_T3_AttitudeObserver_8
-1,In_attObs_angularRateY_RADs_dsp_value,MemoryClasses.Constant_Local,T3_AttitudeObserver,{'T3_AttitudeObserver': 2},,OS Application OS_App1_Core0 on Core 1 managing ['T3_AttitudeObserver'],1,-1.0,OS_App1_Core0_1_T3_AttitudeObserver_8
-1,In_engCtr_thrustZ_N_attCtr,MemoryClasses.Constant_Local,T2_EngineController,{'T2_EngineController': 2},,OS Application OS_App0_Core1 on Core 1 managing ['T2_EngineController'],1,-1.0,OS_App0_Core1_1_T2_EngineController_8
-1,Out_accX_g_dsp_noiseVariance,MemoryClasses.ThreadGlobal_MemoryLocal,T6_DSP,{'T3_AttitudeObserver': 1},{'T6_DSP': 1},OS Application OS_App0_Core2 on Core 0 managing ['T6_DSP'],0,-1.0,OS_App0_Core2_0_T6_DSP_6
-1,Out_accX_g_dsp_processVariance,MemoryClasses.ThreadGlobal_MemoryLocal,T6_DSP,{'T3_AttitudeObserver': 1},{'T6_DSP': 1},OS Application OS_App0_Core2 on Core 0 managing ['T6_DSP'],0,-1.0,OS_App0_Core2_0_T6_DSP_6
-1,Out_accX_g_dsp_value,MemoryClasses.ThreadGlobal_MemoryLocal,T6_DSP,{'T3_AttitudeObserver': 1},{'T6_DSP': 1},OS Application OS_App0_Core2 on Core 0 managing ['T6_DSP'],0,-1.0,OS_App0_Core2_0_T6_DSP_6
-1,Out_accY_g_dsp_noiseVariance,MemoryClasses.ThreadGlobal_MemoryLocal,T6_DSP,{'T3_AttitudeObserver': 1},{'T6_DSP': 1},OS Application OS_App0_Core2 on Core 0 managing ['T6_DSP'],0,-1.0,OS_App0_Core2_0_T6_DSP_6
-1,Out_accY_g_dsp_processVariance,MemoryClasses.ThreadGlobal_MemoryLocal,T6_DSP,{'T3_AttitudeObserver': 1},{'T6_DSP': 1},OS Application OS_App0_Core2 on Core 0 managing ['T6_DSP'],0,-1.0,OS_App0_Core2_0_T6_DSP_6
-1,Out_accY_g_dsp_valid,MemoryClasses.ThreadGlobal_MemoryLocal,T6_DSP,{'T3_AttitudeObserver': 1},{'T6_DSP': 1},OS Application OS_App0_Core2 on Core 0 managing ['T6_DSP'],0,-1.0,OS_App0_Core2_0_T6_DSP_6
-1,Out_accY_g_dsp_value,MemoryClasses.ThreadGlobal_MemoryLocal,T6_DSP,{'T3_AttitudeObserver': 1},{'T6_DSP': 1},OS Application OS_App0_Core2 on Core 0 managing ['T6_DSP'],0,-1.0,OS_App0_Core2_0_T6_DSP_6
-1,Out_AccZ_g_dsp_noiseVariance,MemoryClasses.CPUn_ThreadGlobal_MemoryLocal,T6_DSP,{'T5_AltitudeObserver': 3},{'T6_DSP': 1},OS Application OS_App0_Core2 on Core 0 managing ['T6_DSP'],0,-1.0,OS_App0_Core2_0_T6_DSP_2
-1,Out_AccZ_g_dsp_processVariance,MemoryClasses.CPUn_ThreadGlobal_MemoryLocal,T6_DSP,{'T5_AltitudeObserver': 3},{'T6_DSP': 1},OS Application OS_App0_Core2 on Core 0 managing ['T6_DSP'],0,-1.0,OS_App0_Core2_0_T6_DSP_2
-1,Out_AccZ_g_dsp_valid,MemoryClasses.CPUn_ThreadGlobal_MemoryLocal,T6_DSP,{'T5_AltitudeObserver': 3},{'T6_DSP': 1},OS Application OS_App0_Core2 on Core 0 managing ['T6_DSP'],0,-1.0,OS_App0_Core2_0_T6_DSP_2
-1,Out_AccZ_g_dsp_value,MemoryClasses.CPUn_ThreadGlobal_MemoryLocal,T6_DSP,{'T5_AltitudeObserver': 3},{'T6_DSP': 1},OS Application OS_App0_Core2 on Core 0 managing ['T6_DSP'],0,-1.0,OS_App0_Core2_0_T6_DSP_2
-1,Out_AccZ_Mss_heiObs_value,MemoryClasses.CPUn_ThreadLocal_MemoryLocal,T4_HeightObserver,{'T4_HeightObserver': 3},{'T4_HeightObserver': 3},OS Application OS_App1_Core1 on Core 2 managing ['T4_HeightObserver'],2,-1.0,OS_App1_Core1_2_T4_HeightObserver_0
-1,Out_Altitude_m_dsp_noiseVariance,MemoryClasses.CPUn_ThreadGlobal_MemoryLocal,T6_DSP,{'T5_AltitudeObserver': 3},{'T6_DSP': 1},OS Application OS_App0_Core2 on Core 0 managing ['T6_DSP'],0,-1.0,OS_App0_Core2_0_T6_DSP_2
-1,Out_angleX_RAD_attObs,MemoryClasses.Constant_Local,T5_AltitudeObserver,"{'T5_AltitudeObserver': 3, 'T4_HeightObserver': 3}",,OS Application OS_App1_Core2 on Core 0 managing ['T5_AltitudeObserver'],2,-1.0,OS_App1_Core2_2_T5_AltitudeObserver_8
-1,Out_angleX_RAD_rem,MemoryClasses.ThreadGlobal_MemoryLocal,T6_DSP,{'T1_Controllers': 1},{'T6_DSP': 1},OS Application OS_App0_Core2 on Core 0 managing ['T6_DSP'],0,-1.0,OS_App0_Core2_0_T6_DSP_6
-1,Out_angleY_RAD_attObs,MemoryClasses.Constant_Local,T5_AltitudeObserver,"{'T5_AltitudeObserver': 3, 'T4_HeightObserver': 3}",,OS Application OS_App1_Core2 on Core 0 managing ['T5_AltitudeObserver'],2,-1.0,OS_App1_Core2_2_T5_AltitudeObserver_8
-1,Out_angleY_RAD_rem,MemoryClasses.ThreadGlobal_MemoryLocal,T6_DSP,{'T1_Controllers': 1},{'T6_DSP': 1},OS Application OS_App0_Core2 on Core 0 managing ['T6_DSP'],0,-1.0,OS_App0_Core2_0_T6_DSP_6
-1,Out_angularRateY_RADs_dsp_noiseVariance,MemoryClasses.ThreadGlobal_MemoryLocal,T6_DSP,{'T3_AttitudeObserver': 1},{'T6_DSP': 1},OS Application OS_App0_Core2 on Core 0 managing ['T6_DSP'],0,-1.0,OS_App0_Core2_0_T6_DSP_6
-1,Out_angularRateY_RADs_dsp_processVariance,MemoryClasses.ThreadGlobal_MemoryLocal,T6_DSP,{'T3_AttitudeObserver': 1},{'T6_DSP': 1},OS Application OS_App0_Core2 on Core 0 managing ['T6_DSP'],0,-1.0,OS_App0_Core2_0_T6_DSP_6
-1,Out_angularRateY_RADs_dsp_valid,MemoryClasses.ThreadGlobal_MemoryLocal,T6_DSP,{'T3_AttitudeObserver': 1},{'T6_DSP': 1},OS Application OS_App0_Core2 on Core 0 managing ['T6_DSP'],0,-1.0,OS_App0_Core2_0_T6_DSP_6
-1,Out_angularRateY_RADs_dsp_value,MemoryClasses.ThreadGlobal_MemoryLocal,T6_DSP,{'T3_AttitudeObserver': 1},{'T6_DSP': 1},OS Application OS_App0_Core2 on Core 0 managing ['T6_DSP'],0,-1.0,OS_App0_Core2_0_T6_DSP_6
-1,Out_angularRateZ_RADs_dsp,MemoryClasses.ThreadGlobal_MemoryLocal,T6_DSP,{'T1_Controllers': 1},{'T6_DSP': 1},OS Application OS_App0_Core2 on Core 0 managing ['T6_DSP'],0,-1.0,OS_App0_Core2_0_T6_DSP_6
-1,Out_angularRateZ_RADs_rem,MemoryClasses.ThreadGlobal_MemoryLocal,T6_DSP,{'T1_Controllers': 1},{'T6_DSP': 1},OS Application OS_App0_Core2 on Core 0 managing ['T6_DSP'],0,-1.0,OS_App0_Core2_0_T6_DSP_6
-1,Out_angularStatesX_attObs_angle,MemoryClasses.CPUn_ThreadLocal_MemoryLocal,T3_AttitudeObserver,{'T3_AttitudeObserver': 1},{'T3_AttitudeObserver': 1},OS Application OS_App1_Core0 on Core 1 managing ['T3_AttitudeObserver'],1,-1.0,OS_App1_Core0_1_T3_AttitudeObserver_0
-1,Out_thrustZ_N_engCtr,MemoryClasses.Constant_Local,T5_AltitudeObserver,"{'T5_AltitudeObserver': 3, 'T4_HeightObserver': 3}",,OS Application OS_App1_Core2 on Core 0 managing ['T5_AltitudeObserver'],2,-1.0,OS_App1_Core2_2_T5_AltitudeObserver_8
-1,Out_VelocityZ_Ms_rem,MemoryClasses.ThreadGlobal_MemoryLocal,T6_DSP,{'T1_Controllers': 1},{'T6_DSP': 1},OS Application OS_App0_Core2 on Core 0 managing ['T6_DSP'],0,-1.0,OS_App0_Core2_0_T6_DSP_6
-1,Sa5_conversion_g____N,MemoryClasses.CPUn_ThreadLocal_MemoryLocal,T1_Controllers,{'T1_Controllers': 1},{'T1_Controllers': 1},OS Application OS_App0_Core0 on Core 1 managing ['T1_Controllers'],1,-1.0,OS_App0_Core0_1_T1_Controllers_0
-1,In_altCtr_AccZ_g_altObs_noiseVariance,MemoryClasses.CPUn_ThreadLocal_MemoryLocal,T1_Controllers,,{'T1_Controllers': 1},OS Application OS_App0_Core0 on Core 1 managing ['T1_Controllers'],1,-1.0,OS_App0_Core0_1_T1_Controllers_0
-1,In_altCtr_AccZ_g_altObs_processVariance,MemoryClasses.CPUn_ThreadLocal_MemoryLocal,T1_Controllers,,{'T1_Controllers': 1},OS Application OS_App0_Core0 on Core 1 managing ['T1_Controllers'],1,-1.0,OS_App0_Core0_1_T1_Controllers_0
-1,In_altCtr_AccZ_g_altObs_valid,MemoryClasses.CPUn_ThreadLocal_MemoryLocal,T1_Controllers,,{'T1_Controllers': 1},OS Application OS_App0_Core0 on Core 1 managing ['T1_Controllers'],1,-1.0,OS_App0_Core0_1_T1_Controllers_0
-1,In_altCtr_AccZ_g_altObs_value,MemoryClasses.Constant_Local,T1_Controllers,{'T1_Controllers': 1},,OS Application OS_App0_Core0 on Core 1 managing ['T1_Controllers'],1,-1.0,OS_App0_Core0_1_T1_Controllers_8
-1,In_altCtr_AccZ_g_altObs_value,MemoryClasses.CPUn_ThreadLocal_MemoryLocal,T1_Controllers,,{'T1_Controllers': 1},OS Application OS_App0_Core0 on Core 1 managing ['T1_Controllers'],1,-1.0,OS_App0_Core0_1_T1_Controllers_0
-1,In_altCtr_AccZ_g_rem,MemoryClasses.Constant_Local,T1_Controllers,{'T1_Controllers': 1},,OS Application OS_App0_Core0 on Core 1 managing ['T1_Controllers'],1,-1.0,OS_App0_Core0_1_T1_Controllers_8
-1,In_altCtr_AccZ_g_rem,MemoryClasses.CPUn_ThreadLocal_MemoryLocal,T1_Controllers,,{'T1_Controllers': 1},OS Application OS_App0_Core0 on Core 1 managing ['T1_Controllers'],1,-1.0,OS_App0_Core0_1_T1_Controllers_0
-1,In_altCtr_Altitude_m_altObs_noiseVariance,MemoryClasses.CPUn_ThreadLocal_MemoryLocal,T1_Controllers,,{'T1_Controllers': 1},OS Application OS_App0_Core0 on Core 1 managing ['T1_Controllers'],1,-1.0,OS_App0_Core0_1_T1_Controllers_0
-1,In_altCtr_Altitude_m_altObs_processVariance,MemoryClasses.CPUn_ThreadLocal_MemoryLocal,T1_Controllers,,{'T1_Controllers': 1},OS Application OS_App0_Core0 on Core 1 managing ['T1_Controllers'],1,-1.0,OS_App0_Core0_1_T1_Controllers_0
-1,In_altCtr_Altitude_m_altObs_valid,MemoryClasses.CPUn_ThreadLocal_MemoryLocal,T1_Controllers,,{'T1_Controllers': 1},OS Application OS_App0_Core0 on Core 1 managing ['T1_Controllers'],1,-1.0,OS_App0_Core0_1_T1_Controllers_0
-1,In_altCtr_Altitude_m_altObs_value,MemoryClasses.Constant_Local,T1_Controllers,{'T1_Controllers': 1},,OS Application OS_App0_Core0 on Core 1 managing ['T1_Controllers'],1,-1.0,OS_App0_Core0_1_T1_Controllers_8
-1,In_altCtr_Altitude_m_altObs_value,MemoryClasses.CPUn_ThreadLocal_MemoryLocal,T1_Controllers,,{'T1_Controllers': 1},OS Application OS_App0_Core0 on Core 1 managing ['T1_Controllers'],1,-1.0,OS_App0_Core0_1_T1_Controllers_0
-1,In_altCtr_Altitude_m_rem,MemoryClasses.Constant_Local,T1_Controllers,{'T1_Controllers': 1},,OS Application OS_App0_Core0 on Core 1 managing ['T1_Controllers'],1,-1.0,OS_App0_Core0_1_T1_Controllers_8
-1,In_altCtr_Altitude_m_rem,MemoryClasses.CPUn_ThreadLocal_MemoryLocal,T1_Controllers,,{'T1_Controllers': 1},OS Application OS_App0_Core0 on Core 1 managing ['T1_Controllers'],1,-1.0,OS_App0_Core0_1_T1_Controllers_0
-1,In_altCtr_VelocityZ_Ms_altObs_noiseVariance,MemoryClasses.CPUn_ThreadLocal_MemoryLocal,T1_Controllers,,{'T1_Controllers': 1},OS Application OS_App0_Core0 on Core 1 managing ['T1_Controllers'],1,-1.0,OS_App0_Core0_1_T1_Controllers_0
-1,In_altCtr_VelocityZ_Ms_altObs_processVariance,MemoryClasses.CPUn_ThreadLocal_MemoryLocal,T1_Controllers,,{'T1_Controllers': 1},OS Application OS_App0_Core0 on Core 1 managing ['T1_Controllers'],1,-1.0,OS_App0_Core0_1_T1_Controllers_0
-1,In_altCtr_VelocityZ_Ms_altObs_valid,MemoryClasses.CPUn_ThreadLocal_MemoryLocal,T1_Controllers,,{'T1_Controllers': 1},OS Application OS_App0_Core0 on Core 1 managing ['T1_Controllers'],1,-1.0,OS_App0_Core0_1_T1_Controllers_0
-1,In_altCtr_VelocityZ_Ms_altObs_value,MemoryClasses.Constant_Local,T1_Controllers,{'T1_Controllers': 1},,OS Application OS_App0_Core0 on Core 1 managing ['T1_Controllers'],1,-1.0,OS_App0_Core0_1_T1_Controllers_8
-1,In_altCtr_VelocityZ_Ms_altObs_value,MemoryClasses.CPUn_ThreadLocal_MemoryLocal,T1_Controllers,,{'T1_Controllers': 1},OS Application OS_App0_Core0 on Core 1 managing ['T1_Controllers'],1,-1.0,OS_App0_Core0_1_T1_Controllers_0
-1,In_altCtr_VelocityZ_Ms_rem,MemoryClasses.Constant_Local,T1_Controllers,{'T1_Controllers': 1},,OS Application OS_App0_Core0 on Core 1 managing ['T1_Controllers'],1,-1.0,OS_App0_Core0_1_T1_Controllers_8
-1,In_altObs_AccZ_g_dsp_noiseVariance,MemoryClasses.CPUn_ThreadLocal_MemoryLocal,T5_AltitudeObserver,,{'T5_AltitudeObserver': 3},OS Application OS_App1_Core2 on Core 0 managing ['T5_AltitudeObserver'],0,-1.0,OS_App1_Core2_0_T5_AltitudeObserver_0
-1,In_altObs_AccZ_g_dsp_processVariance,MemoryClasses.CPUn_ThreadLocal_MemoryLocal,T5_AltitudeObserver,,{'T5_AltitudeObserver': 3},OS Application OS_App1_Core2 on Core 0 managing ['T5_AltitudeObserver'],0,-1.0,OS_App1_Core2_0_T5_AltitudeObserver_0
-1,In_altObs_AccZ_g_dsp_valid,MemoryClasses.CPUn_ThreadLocal_MemoryLocal,T5_AltitudeObserver,,{'T5_AltitudeObserver': 3},OS Application OS_App1_Core2 on Core 0 managing ['T5_AltitudeObserver'],0,-1.0,OS_App1_Core2_0_T5_AltitudeObserver_0
-1,In_altObs_AccZ_g_dsp_value,MemoryClasses.Constant_Local,T5_AltitudeObserver,{'T5_AltitudeObserver': 3},,OS Application OS_App1_Core2 on Core 0 managing ['T5_AltitudeObserver'],0,-1.0,OS_App1_Core2_0_T5_AltitudeObserver_8
-1,In_altObs_AccZ_g_dsp_value,MemoryClasses.CPUn_ThreadLocal_MemoryLocal,T5_AltitudeObserver,,{'T5_AltitudeObserver': 3},OS Application OS_App1_Core2 on Core 0 managing ['T5_AltitudeObserver'],0,-1.0,OS_App1_Core2_0_T5_AltitudeObserver_0
-1,In_altObs_Altitude_m_dsp_noiseVariance,MemoryClasses.CPUn_ThreadLocal_MemoryLocal,T5_AltitudeObserver,,{'T5_AltitudeObserver': 3},OS Application OS_App1_Core2 on Core 0 managing ['T5_AltitudeObserver'],0,-1.0,OS_App1_Core2_0_T5_AltitudeObserver_0
-1,In_altObs_Altitude_m_dsp_processVariance,MemoryClasses.CPUn_ThreadLocal_MemoryLocal,T5_AltitudeObserver,,{'T5_AltitudeObserver': 3},OS Application OS_App1_Core2 on Core 0 managing ['T5_AltitudeObserver'],0,-1.0,OS_App1_Core2_0_T5_AltitudeObserver_0
-1,In_altObs_Altitude_m_dsp_valid,MemoryClasses.CPUn_ThreadLocal_MemoryLocal,T5_AltitudeObserver,,{'T5_AltitudeObserver': 3},OS Application OS_App1_Core2 on Core 0 managing ['T5_AltitudeObserver'],0,-1.0,OS_App1_Core2_0_T5_AltitudeObserver_0
-1,In_altObs_Altitude_m_dsp_value,MemoryClasses.Constant_Local,T5_AltitudeObserver,{'T5_AltitudeObserver': 3},,OS Application OS_App1_Core2 on Core 0 managing ['T5_AltitudeObserver'],0,-1.0,OS_App1_Core2_0_T5_AltitudeObserver_8
-1,In_altObs_Altitude_m_dsp_value,MemoryClasses.CPUn_ThreadLocal_MemoryLocal,T5_AltitudeObserver,,{'T5_AltitudeObserver': 3},OS Application OS_App1_Core2 on Core 0 managing ['T5_AltitudeObserver'],0,-1.0,OS_App1_Core2_0_T5_AltitudeObserver_0
-1,In_altObs_AngleX_RAD_attObs,MemoryClasses.Constant_Local,T5_AltitudeObserver,{'T5_AltitudeObserver': 3},,OS Application OS_App1_Core2 on Core 0 managing ['T5_AltitudeObserver'],0,-1.0,OS_App1_Core2_0_T5_AltitudeObserver_8
-1,In_altObs_AngleX_RAD_attObs,MemoryClasses.CPUn_ThreadLocal_MemoryLocal,T5_AltitudeObserver,,{'T5_AltitudeObserver': 3},OS Application OS_App1_Core2 on Core 0 managing ['T5_AltitudeObserver'],0,-1.0,OS_App1_Core2_0_T5_AltitudeObserver_0
-1,In_altObs_AngleY_RAD_attObs,MemoryClasses.Constant_Local,T5_AltitudeObserver,{'T5_AltitudeObserver': 3},,OS Application OS_App1_Core2 on Core 0 managing ['T5_AltitudeObserver'],0,-1.0,OS_App1_Core2_0_T5_AltitudeObserver_8
-1,In_altObs_AngleY_RAD_attObs,MemoryClasses.CPUn_ThreadLocal_MemoryLocal,T5_AltitudeObserver,,{'T5_AltitudeObserver': 3},OS Application OS_App1_Core2 on Core 0 managing ['T5_AltitudeObserver'],0,-1.0,OS_App1_Core2_0_T5_AltitudeObserver_0
-1,In_altObs_TakeOff_engCtr,MemoryClasses.Constant_Local,T5_AltitudeObserver,{'T5_AltitudeObserver': 3},,OS Application OS_App1_Core2 on Core 0 managing ['T5_AltitudeObserver'],0,-1.0,OS_App1_Core2_0_T5_AltitudeObserver_8
-1,In_altObs_TakeOff_engCtr,MemoryClasses.CPUn_ThreadLocal_MemoryLocal,T5_AltitudeObserver,,{'T5_AltitudeObserver': 3},OS Application OS_App1_Core2 on Core 0 managing ['T5_AltitudeObserver'],0,-1.0,OS_App1_Core2_0_T5_AltitudeObserver_0
-1,In_altObs_ThrustZ_N_engCtr,MemoryClasses.Constant_Local,T5_AltitudeObserver,{'T5_AltitudeObserver': 3},,OS Application OS_App1_Core2 on Core 0 managing ['T5_AltitudeObserver'],0,-1.0,OS_App1_Core2_0_T5_AltitudeObserver_8
-1,In_altObs_ThrustZ_N_engCtr,MemoryClasses.CPUn_ThreadLocal_MemoryLocal,T5_AltitudeObserver,,{'T5_AltitudeObserver': 3},OS Application OS_App1_Core2 on Core 0 managing ['T5_AltitudeObserver'],0,-1.0,OS_App1_Core2_0_T5_AltitudeObserver_0
-1,In_attCtr_angleX_RAD_rem,MemoryClasses.CPUn_ThreadLocal_MemoryLocal,T1_Controllers,,{'T1_Controllers': 1},OS Application OS_App0_Core0 on Core 1 managing ['T1_Controllers'],1,-1.0,OS_App0_Core0_1_T1_Controllers_0
-1,In_attCtr_angleY_RAD_rem,MemoryClasses.CPUn_ThreadLocal_MemoryLocal,T1_Controllers,,{'T1_Controllers': 1},OS Application OS_App0_Core0 on Core 1 managing ['T1_Controllers'],1,-1.0,OS_App0_Core0_1_T1_Controllers_0
-1,In_attCtr_angularRateZ_RADs_dsp,MemoryClasses.CPUn_ThreadLocal_MemoryLocal,T1_Controllers,,{'T1_Controllers': 1},OS Application OS_App0_Core0 on Core 1 managing ['T1_Controllers'],1,-1.0,OS_App0_Core0_1_T1_Controllers_0
-1,In_attCtr_angularRateZ_RADs_rem,MemoryClasses.Constant_Local,T1_Controllers,{'T1_Controllers': 1},,OS Application OS_App0_Core0 on Core 1 managing ['T1_Controllers'],1,-1.0,OS_App0_Core0_1_T1_Controllers_8
-1,In_attCtr_angularRateZ_RADs_rem,MemoryClasses.CPUn_ThreadLocal_MemoryLocal,T1_Controllers,,{'T1_Controllers': 1},OS Application OS_App0_Core0 on Core 1 managing ['T1_Controllers'],1,-1.0,OS_App0_Core0_1_T1_Controllers_0
-1,In_attCtr_statesX_attObs_angle,MemoryClasses.CPUn_ThreadLocal_MemoryLocal,T1_Controllers,,{'T1_Controllers': 1},OS Application OS_App0_Core0 on Core 1 managing ['T1_Controllers'],1,-1.0,OS_App0_Core0_1_T1_Controllers_0
-1,In_attCtr_statesX_attObs_angularRate,MemoryClasses.Constant_Local,T1_Controllers,{'T1_Controllers': 1},,OS Application OS_App0_Core0 on Core 1 managing ['T1_Controllers'],1,-1.0,OS_App0_Core0_1_T1_Controllers_8
-1,In_attCtr_statesX_attObs_angularRate,MemoryClasses.CPUn_ThreadLocal_MemoryLocal,T1_Controllers,,{'T1_Controllers': 1},OS Application OS_App0_Core0 on Core 1 managing ['T1_Controllers'],1,-1.0,OS_App0_Core0_1_T1_Controllers_0
-1,In_attCtr_statesX_attObs_angularState1,MemoryClasses.Constant_Local,T1_Controllers,{'T1_Controllers': 1},,OS Application OS_App0_Core0 on Core 1 managing ['T1_Controllers'],1,-1.0,OS_App0_Core0_1_T1_Controllers_8
-1,In_attCtr_statesX_attObs_angularState1,MemoryClasses.CPUn_ThreadLocal_MemoryLocal,T1_Controllers,,{'T1_Controllers': 1},OS Application OS_App0_Core0 on Core 1 managing ['T1_Controllers'],1,-1.0,OS_App0_Core0_1_T1_Controllers_0
-1,In_attCtr_statesX_attObs_angularState2,MemoryClasses.Constant_Local,T1_Controllers,{'T1_Controllers': 1},,OS Application OS_App0_Core0 on Core 1 managing ['T1_Controllers'],1,-1.0,OS_App0_Core0_1_T1_Controllers_8
-1,In_attCtr_statesX_attObs_angularState2,MemoryClasses.CPUn_ThreadLocal_MemoryLocal,T1_Controllers,,{'T1_Controllers': 1},OS Application OS_App0_Core0 on Core 1 managing ['T1_Controllers'],1,-1.0,OS_App0_Core0_1_T1_Controllers_0
-1,In_attCtr_statesY_attObs_angle,MemoryClasses.CPUn_ThreadLocal_MemoryLocal,T1_Controllers,,{'T1_Controllers': 1},OS Application OS_App0_Core0 on Core 1 managing ['T1_Controllers'],1,-1.0,OS_App0_Core0_1_T1_Controllers_0
-1,In_attCtr_statesY_attObs_angularRate,MemoryClasses.Constant_Local,T1_Controllers,{'T1_Controllers': 1},,OS Application OS_App0_Core0 on Core 1 managing ['T1_Controllers'],1,-1.0,OS_App0_Core0_1_T1_Controllers_8
-1,In_attCtr_statesY_attObs_angularRate,MemoryClasses.CPUn_ThreadLocal_MemoryLocal,T1_Controllers,,{'T1_Controllers': 1},OS Application OS_App0_Core0 on Core 1 managing ['T1_Controllers'],1,-1.0,OS_App0_Core0_1_T1_Controllers_0
-1,In_attCtr_statesY_attObs_angularState1,MemoryClasses.Constant_Local,T1_Controllers,{'T1_Controllers': 1},,OS Application OS_App0_Core0 on Core 1 managing ['T1_Controllers'],1,-1.0,OS_App0_Core0_1_T1_Controllers_8
-1,In_attCtr_statesY_attObs_angularState1,MemoryClasses.CPUn_ThreadLocal_MemoryLocal,T1_Controllers,,{'T1_Controllers': 1},OS Application OS_App0_Core0 on Core 1 managing ['T1_Controllers'],1,-1.0,OS_App0_Core0_1_T1_Controllers_0
-1,In_attCtr_statesY_attObs_angularState2,MemoryClasses.Constant_Local,T1_Controllers,{'T1_Controllers': 1},,OS Application OS_App0_Core0 on Core 1 managing ['T1_Controllers'],1,-1.0,OS_App0_Core0_1_T1_Controllers_8
-1,In_attCtr_statesY_attObs_angularState2,MemoryClasses.CPUn_ThreadLocal_MemoryLocal,T1_Controllers,,{'T1_Controllers': 1},OS Application OS_App0_Core0 on Core 1 managing ['T1_Controllers'],1,-1.0,OS_App0_Core0_1_T1_Controllers_0
-1,In_attCtr_takeOff_engCtr,MemoryClasses.CPUn_ThreadLocal_MemoryLocal,T1_Controllers,,{'T1_Controllers': 1},OS Application OS_App0_Core0 on Core 1 managing ['T1_Controllers'],1,-1.0,OS_App0_Core0_1_T1_Controllers_0
-1,In_attCtr_thrustZ_g_rem,MemoryClasses.Constant_Local,T1_Controllers,{'T1_Controllers': 1},,OS Application OS_App0_Core0 on Core 1 managing ['T1_Controllers'],1,-1.0,OS_App0_Core0_1_T1_Controllers_8
-1,In_attCtr_thrustZ_g_rem,MemoryClasses.CPUn_ThreadLocal_MemoryLocal,T1_Controllers,,{'T1_Controllers': 1},OS Application OS_App0_Core0 on Core 1 managing ['T1_Controllers'],1,-1.0,OS_App0_Core0_1_T1_Controllers_0
-1,In_attObs_accX_g_dsp_noiseVariance,MemoryClasses.CPUn_ThreadLocal_MemoryLocal,T3_AttitudeObserver,,{'T3_AttitudeObserver': 1},OS Application OS_App1_Core0 on Core 1 managing ['T3_AttitudeObserver'],1,-1.0,OS_App1_Core0_1_T3_AttitudeObserver_0
-1,In_attObs_accX_g_dsp_processVariance,MemoryClasses.CPUn_ThreadLocal_MemoryLocal,T3_AttitudeObserver,,{'T3_AttitudeObserver': 1},OS Application OS_App1_Core0 on Core 1 managing ['T3_AttitudeObserver'],1,-1.0,OS_App1_Core0_1_T3_AttitudeObserver_0
-1,In_attObs_accX_g_dsp_value,MemoryClasses.CPUn_ThreadLocal_MemoryLocal,T3_AttitudeObserver,,{'T3_AttitudeObserver': 1},OS Application OS_App1_Core0 on Core 1 managing ['T3_AttitudeObserver'],1,-1.0,OS_App1_Core0_1_T3_AttitudeObserver_0
-1,In_attObs_accY_g_dsp_noiseVariance,MemoryClasses.CPUn_ThreadLocal_MemoryLocal,T3_AttitudeObserver,,{'T3_AttitudeObserver': 1},OS Application OS_App1_Core0 on Core 1 managing ['T3_AttitudeObserver'],1,-1.0,OS_App1_Core0_1_T3_AttitudeObserver_0
-1,In_attObs_accY_g_dsp_processVariance,MemoryClasses.CPUn_ThreadLocal_MemoryLocal,T3_AttitudeObserver,,{'T3_AttitudeObserver': 1},OS Application OS_App1_Core0 on Core 1 managing ['T3_AttitudeObserver'],1,-1.0,OS_App1_Core0_1_T3_AttitudeObserver_0
-1,In_attObs_accY_g_dsp_valid,MemoryClasses.CPUn_ThreadLocal_MemoryLocal,T3_AttitudeObserver,,{'T3_AttitudeObserver': 1},OS Application OS_App1_Core0 on Core 1 managing ['T3_AttitudeObserver'],1,-1.0,OS_App1_Core0_1_T3_AttitudeObserver_0
-1,In_attObs_accY_g_dsp_value,MemoryClasses.CPUn_ThreadLocal_MemoryLocal,T3_AttitudeObserver,,{'T3_AttitudeObserver': 1},OS Application OS_App1_Core0 on Core 1 managing ['T3_AttitudeObserver'],1,-1.0,OS_App1_Core0_1_T3_AttitudeObserver_0
-1,In_attObs_angularRateY_RADs_dsp_noiseVariance,MemoryClasses.CPUn_ThreadLocal_MemoryLocal,T3_AttitudeObserver,,{'T3_AttitudeObserver': 1},OS Application OS_App1_Core0 on Core 1 managing ['T3_AttitudeObserver'],1,-1.0,OS_App1_Core0_1_T3_AttitudeObserver_0
-1,In_attObs_angularRateY_RADs_dsp_processVariance,MemoryClasses.CPUn_ThreadLocal_MemoryLocal,T3_AttitudeObserver,,{'T3_AttitudeObserver': 1},OS Application OS_App1_Core0 on Core 1 managing ['T3_AttitudeObserver'],1,-1.0,OS_App1_Core0_1_T3_AttitudeObserver_0
-1,In_attObs_angularRateY_RADs_dsp_valid,MemoryClasses.CPUn_ThreadLocal_MemoryLocal,T3_AttitudeObserver,,{'T3_AttitudeObserver': 1},OS Application OS_App1_Core0 on Core 1 managing ['T3_AttitudeObserver'],1,-1.0,OS_App1_Core0_1_T3_AttitudeObserver_0
-1,In_attObs_angularRateY_RADs_dsp_value,MemoryClasses.CPUn_ThreadLocal_MemoryLocal,T3_AttitudeObserver,,{'T3_AttitudeObserver': 1},OS Application OS_App1_Core0 on Core 1 managing ['T3_AttitudeObserver'],1,-1.0,OS_App1_Core0_1_T3_AttitudeObserver_0
-1,In_attObs_takeOff_engCtr,MemoryClasses.CPUn_ThreadLocal_MemoryLocal,T3_AttitudeObserver,,{'T3_AttitudeObserver': 1},OS Application OS_App1_Core0 on Core 1 managing ['T3_AttitudeObserver'],1,-1.0,OS_App1_Core0_1_T3_AttitudeObserver_0
-1,In_attObs_torqueX_NM_engCtr,MemoryClasses.Constant_Local,T3_AttitudeObserver,{'T3_AttitudeObserver': 1},,OS Application OS_App1_Core0 on Core 1 managing ['T3_AttitudeObserver'],1,-1.0,OS_App1_Core0_1_T3_AttitudeObserver_8
-1,In_attObs_torqueX_NM_engCtr,MemoryClasses.CPUn_ThreadLocal_MemoryLocal,T3_AttitudeObserver,,{'T3_AttitudeObserver': 1},OS Application OS_App1_Core0 on Core 1 managing ['T3_AttitudeObserver'],1,-1.0,OS_App1_Core0_1_T3_AttitudeObserver_0
-1,In_attObs_torqueY_NM_engCtr,MemoryClasses.Constant_Local,T3_AttitudeObserver,{'T3_AttitudeObserver': 1},,OS Application OS_App1_Core0 on Core 1 managing ['T3_AttitudeObserver'],1,-1.0,OS_App1_Core0_1_T3_AttitudeObserver_8
-1,In_attObs_torqueY_NM_engCtr,MemoryClasses.CPUn_ThreadLocal_MemoryLocal,T3_AttitudeObserver,,{'T3_AttitudeObserver': 1},OS Application OS_App1_Core0 on Core 1 managing ['T3_AttitudeObserver'],1,-1.0,OS_App1_Core0_1_T3_AttitudeObserver_0
-1,In_engCtr_takeoff_g_sw,MemoryClasses.Constant_Local,T2_EngineController,{'T2_EngineController': 1},,OS Application OS_App0_Core1 on Core 1 managing ['T2_EngineController'],1,-1.0,OS_App0_Core1_1_T2_EngineController_8
-1,In_engCtr_takeoff_g_sw,MemoryClasses.CPUn_ThreadLocal_MemoryLocal,T2_EngineController,,{'T2_EngineController': 1},OS Application OS_App0_Core1 on Core 1 managing ['T2_EngineController'],1,-1.0,OS_App0_Core1_1_T2_EngineController_0
-1,In_engCtr_thrustZ_N_attCtr,MemoryClasses.CPUn_ThreadLocal_MemoryLocal,T2_EngineController,,{'T2_EngineController': 1},OS Application OS_App0_Core1 on Core 1 managing ['T2_EngineController'],1,-1.0,OS_App0_Core1_1_T2_EngineController_0
-1,In_engCtr_torqueX_NM_attCtr,MemoryClasses.Constant_Local,T2_EngineController,{'T2_EngineController': 1},,OS Application OS_App0_Core1 on Core 1 managing ['T2_EngineController'],1,-1.0,OS_App0_Core1_1_T2_EngineController_8
-1,In_engCtr_torqueX_NM_attCtr,MemoryClasses.CPUn_ThreadLocal_MemoryLocal,T2_EngineController,,{'T2_EngineController': 1},OS Application OS_App0_Core1 on Core 1 managing ['T2_EngineController'],1,-1.0,OS_App0_Core1_1_T2_EngineController_0
-1,In_engCtr_torqueY_NM_attCtr,MemoryClasses.Constant_Local,T2_EngineController,{'T2_EngineController': 1},,OS Application OS_App0_Core1 on Core 1 managing ['T2_EngineController'],1,-1.0,OS_App0_Core1_1_T2_EngineController_8
-1,In_engCtr_torqueY_NM_attCtr,MemoryClasses.CPUn_ThreadLocal_MemoryLocal,T2_EngineController,,{'T2_EngineController': 1},OS Application OS_App0_Core1 on Core 1 managing ['T2_EngineController'],1,-1.0,OS_App0_Core1_1_T2_EngineController_0
-1,In_engCtr_torqueZ_NM_attCtr,MemoryClasses.Constant_Local,T2_EngineController,{'T2_EngineController': 1},,OS Application OS_App0_Core1 on Core 1 managing ['T2_EngineController'],1,-1.0,OS_App0_Core1_1_T2_EngineController_8
-1,In_engCtr_torqueZ_NM_attCtr,MemoryClasses.CPUn_ThreadLocal_MemoryLocal,T2_EngineController,,{'T2_EngineController': 1},OS Application OS_App0_Core1 on Core 1 managing ['T2_EngineController'],1,-1.0,OS_App0_Core1_1_T2_EngineController_0
-1,In_heiObs_Altitude_m_dsp_value,MemoryClasses.Constant_Local,T4_HeightObserver,{'T4_HeightObserver': 3},,OS Application OS_App1_Core1 on Core 2 managing ['T4_HeightObserver'],2,-1.0,OS_App1_Core1_2_T4_HeightObserver_8
-1,In_heiObs_Altitude_m_dsp_value,MemoryClasses.CPUn_ThreadLocal_MemoryLocal,T4_HeightObserver,,{'T4_HeightObserver': 3},OS Application OS_App1_Core1 on Core 2 managing ['T4_HeightObserver'],2,-1.0,OS_App1_Core1_2_T4_HeightObserver_0
-1,In_heiObs_AngleX_RAD_attObs,MemoryClasses.Constant_Local,T4_HeightObserver,{'T4_HeightObserver': 3},,OS Application OS_App1_Core1 on Core 2 managing ['T4_HeightObserver'],2,-1.0,OS_App1_Core1_2_T4_HeightObserver_8
-1,In_heiObs_AngleX_RAD_attObs,MemoryClasses.CPUn_ThreadLocal_MemoryLocal,T4_HeightObserver,,{'T4_HeightObserver': 3},OS Application OS_App1_Core1 on Core 2 managing ['T4_HeightObserver'],2,-1.0,OS_App1_Core1_2_T4_HeightObserver_0
-1,In_heiObs_AngleY_RAD_attObs,MemoryClasses.Constant_Local,T4_HeightObserver,{'T4_HeightObserver': 3},,OS Application OS_App1_Core1 on Core 2 managing ['T4_HeightObserver'],2,-1.0,OS_App1_Core1_2_T4_HeightObserver_8
-1,In_heiObs_AngleY_RAD_attObs,MemoryClasses.CPUn_ThreadLocal_MemoryLocal,T4_HeightObserver,,{'T4_HeightObserver': 3},OS Application OS_App1_Core1 on Core 2 managing ['T4_HeightObserver'],2,-1.0,OS_App1_Core1_2_T4_HeightObserver_0
-1,In_heiObs_TakeOff_engCtr,MemoryClasses.Constant_Local,T4_HeightObserver,{'T4_HeightObserver': 3},,OS Application OS_App1_Core1 on Core 2 managing ['T4_HeightObserver'],2,-1.0,OS_App1_Core1_2_T4_HeightObserver_8
-1,In_heiObs_TakeOff_engCtr,MemoryClasses.CPUn_ThreadLocal_MemoryLocal,T4_HeightObserver,,{'T4_HeightObserver': 3},OS Application OS_App1_Core1 on Core 2 managing ['T4_HeightObserver'],2,-1.0,OS_App1_Core1_2_T4_HeightObserver_0
-1,In_heiObs_ThrustZ_N_engCtr,MemoryClasses.Constant_Local,T4_HeightObserver,{'T4_HeightObserver': 3},,OS Application OS_App1_Core1 on Core 2 managing ['T4_HeightObserver'],2,-1.0,OS_App1_Core1_2_T4_HeightObserver_8
-1,In_heiObs_ThrustZ_N_engCtr,MemoryClasses.CPUn_ThreadLocal_MemoryLocal,T4_HeightObserver,,{'T4_HeightObserver': 3},OS Application OS_App1_Core1 on Core 2 managing ['T4_HeightObserver'],2,-1.0,OS_App1_Core1_2_T4_HeightObserver_0
-1,Out_accX_g_dsp_valid,MemoryClasses.CPUn_ThreadLocal_MemoryLocal,T6_DSP,,{'T6_DSP': 1},OS Application OS_App0_Core2 on Core 0 managing ['T6_DSP'],0,-1.0,OS_App0_Core2_0_T6_DSP_0
-1,Out_AccZ_Mss_altObs_noiseVariance,MemoryClasses.CPUn_ThreadLocal_MemoryLocal,T5_AltitudeObserver,,{'T5_AltitudeObserver': 3},OS Application OS_App1_Core2 on Core 0 managing ['T5_AltitudeObserver'],0,-1.0,OS_App1_Core2_0_T5_AltitudeObserver_0
-1,Out_AccZ_Mss_altObs_noiseVariance,MemoryClasses.Constant_Local,T1_Controllers,{'T1_Controllers': 1},,OS Application OS_App0_Core0 on Core 1 managing ['T1_Controllers'],1,-1.0,OS_App0_Core0_1_T1_Controllers_8
-1,Out_AccZ_Mss_altObs_processVariance,MemoryClasses.CPUn_ThreadLocal_MemoryLocal,T5_AltitudeObserver,,{'T5_AltitudeObserver': 3},OS Application OS_App1_Core2 on Core 0 managing ['T5_AltitudeObserver'],0,-1.0,OS_App1_Core2_0_T5_AltitudeObserver_0
-1,Out_AccZ_Mss_altObs_processVariance,MemoryClasses.Constant_Local,T1_Controllers,{'T1_Controllers': 1},,OS Application OS_App0_Core0 on Core 1 managing ['T1_Controllers'],1,-1.0,OS_App0_Core0_1_T1_Controllers_8
-1,Out_AccZ_Mss_altObs_valid,MemoryClasses.CPUn_ThreadLocal_MemoryLocal,T5_AltitudeObserver,,{'T5_AltitudeObserver': 3},OS Application OS_App1_Core2 on Core 0 managing ['T5_AltitudeObserver'],0,-1.0,OS_App1_Core2_0_T5_AltitudeObserver_0
-1,Out_AccZ_Mss_altObs_valid,MemoryClasses.Constant_Local,T1_Controllers,{'T1_Controllers': 1},,OS Application OS_App0_Core0 on Core 1 managing ['T1_Controllers'],1,-1.0,OS_App0_Core0_1_T1_Controllers_8
-1,Out_AccZ_Mss_altObs_value,MemoryClasses.Constant_Local,T1_Controllers,{'T1_Controllers': 1},,OS Application OS_App0_Core0 on Core 1 managing ['T1_Controllers'],1,-1.0,OS_App0_Core0_1_T1_Controllers_8
-1,Out_AccZ_Mss_heiObs_noiseVariance,MemoryClasses.CPUn_ThreadLocal_MemoryLocal,T4_HeightObserver,,{'T4_HeightObserver': 3},OS Application OS_App1_Core1 on Core 2 managing ['T4_HeightObserver'],2,-1.0,OS_App1_Core1_2_T4_HeightObserver_0
-1,Out_AccZ_Mss_heiObs_processVariance,MemoryClasses.CPUn_ThreadLocal_MemoryLocal,T4_HeightObserver,,{'T4_HeightObserver': 3},OS Application OS_App1_Core1 on Core 2 managing ['T4_HeightObserver'],2,-1.0,OS_App1_Core1_2_T4_HeightObserver_0
-1,Out_Altitude_m_altObs_noiseVariance,MemoryClasses.CPUn_ThreadLocal_MemoryLocal,T5_AltitudeObserver,,{'T5_AltitudeObserver': 3},OS Application OS_App1_Core2 on Core 0 managing ['T5_AltitudeObserver'],0,-1.0,OS_App1_Core2_0_T5_AltitudeObserver_0
-1,Out_Altitude_m_altObs_noiseVariance,MemoryClasses.Constant_Local,T1_Controllers,{'T1_Controllers': 1},,OS Application OS_App0_Core0 on Core 1 managing ['T1_Controllers'],1,-1.0,OS_App0_Core0_1_T1_Controllers_8
-1,Out_Altitude_m_altObs_processVariance,MemoryClasses.CPUn_ThreadLocal_MemoryLocal,T5_AltitudeObserver,,{'T5_AltitudeObserver': 3},OS Application OS_App1_Core2 on Core 0 managing ['T5_AltitudeObserver'],0,-1.0,OS_App1_Core2_0_T5_AltitudeObserver_0
-1,Out_Altitude_m_altObs_processVariance,MemoryClasses.Constant_Local,T1_Controllers,{'T1_Controllers': 1},,OS Application OS_App0_Core0 on Core 1 managing ['T1_Controllers'],1,-1.0,OS_App0_Core0_1_T1_Controllers_8
-1,Out_Altitude_m_altObs_valid,MemoryClasses.CPUn_ThreadLocal_MemoryLocal,T5_AltitudeObserver,,{'T5_AltitudeObserver': 3},OS Application OS_App1_Core2 on Core 0 managing ['T5_AltitudeObserver'],0,-1.0,OS_App1_Core2_0_T5_AltitudeObserver_0
-1,Out_Altitude_m_altObs_valid,MemoryClasses.Constant_Local,T1_Controllers,{'T1_Controllers': 1},,OS Application OS_App0_Core0 on Core 1 managing ['T1_Controllers'],1,-1.0,OS_App0_Core0_1_T1_Controllers_8
-1,Out_Altitude_m_altObs_value,MemoryClasses.CPUn_ThreadLocal_MemoryLocal,T5_AltitudeObserver,,{'T5_AltitudeObserver': 3},OS Application OS_App1_Core2 on Core 0 managing ['T5_AltitudeObserver'],0,-1.0,OS_App1_Core2_0_T5_AltitudeObserver_0
-1,Out_Altitude_m_altObs_value,MemoryClasses.Constant_Local,T1_Controllers,{'T1_Controllers': 1},,OS Application OS_App0_Core0 on Core 1 managing ['T1_Controllers'],1,-1.0,OS_App0_Core0_1_T1_Controllers_8
-1,Out_Altitude_m_heiObs_noiseVariance,MemoryClasses.CPUn_ThreadLocal_MemoryLocal,T4_HeightObserver,,{'T4_HeightObserver': 3},OS Application OS_App1_Core1 on Core 2 managing ['T4_HeightObserver'],2,-1.0,OS_App1_Core1_2_T4_HeightObserver_0
-1,Out_Altitude_m_heiObs_processVariance,MemoryClasses.CPUn_ThreadLocal_MemoryLocal,T4_HeightObserver,,{'T4_HeightObserver': 3},OS Application OS_App1_Core1 on Core 2 managing ['T4_HeightObserver'],2,-1.0,OS_App1_Core1_2_T4_HeightObserver_0
-1,Out_Altitude_m_heiObs_valid,MemoryClasses.CPUn_ThreadLocal_MemoryLocal,T4_HeightObserver,,{'T4_HeightObserver': 3},OS Application OS_App1_Core1 on Core 2 managing ['T4_HeightObserver'],2,-1.0,OS_App1_Core1_2_T4_HeightObserver_0
-1,Out_Altitude_m_heiObs_value,MemoryClasses.CPUn_ThreadLocal_MemoryLocal,T4_HeightObserver,,{'T4_HeightObserver': 3},OS Application OS_App1_Core1 on Core 2 managing ['T4_HeightObserver'],2,-1.0,OS_App1_Core1_2_T4_HeightObserver_0
-1,Out_angleX_RAD_attObs,MemoryClasses.CPUn_ThreadLocal_MemoryLocal,T3_AttitudeObserver,,{'T3_AttitudeObserver': 1},OS Application OS_App1_Core0 on Core 1 managing ['T3_AttitudeObserver'],1,-1.0,OS_App1_Core0_1_T3_AttitudeObserver_0
-1,Out_angleY_RAD_attObs,MemoryClasses.CPUn_ThreadLocal_MemoryLocal,T3_AttitudeObserver,,{'T3_AttitudeObserver': 1},OS Application OS_App1_Core0 on Core 1 managing ['T3_AttitudeObserver'],1,-1.0,OS_App1_Core0_1_T3_AttitudeObserver_0
-1,Out_angularRateX_RADs_attObs,MemoryClasses.CPUn_ThreadLocal_MemoryLocal,T3_AttitudeObserver,,{'T3_AttitudeObserver': 1},OS Application OS_App1_Core0 on Core 1 managing ['T3_AttitudeObserver'],1,-1.0,OS_App1_Core0_1_T3_AttitudeObserver_0
-1,Out_angularRateX_RADs_dsp_noiseVariance,MemoryClasses.CPUn_ThreadLocal_MemoryLocal,T6_DSP,,{'T6_DSP': 1},OS Application OS_App0_Core2 on Core 0 managing ['T6_DSP'],0,-1.0,OS_App0_Core2_0_T6_DSP_0
-1,Out_angularRateX_RADs_dsp_processVariance,MemoryClasses.CPUn_ThreadLocal_MemoryLocal,T6_DSP,,{'T6_DSP': 1},OS Application OS_App0_Core2 on Core 0 managing ['T6_DSP'],0,-1.0,OS_App0_Core2_0_T6_DSP_0
-1,Out_angularRateX_RADs_dsp_valid,MemoryClasses.CPUn_ThreadLocal_MemoryLocal,T6_DSP,,{'T6_DSP': 1},OS Application OS_App0_Core2 on Core 0 managing ['T6_DSP'],0,-1.0,OS_App0_Core2_0_T6_DSP_0
-1,Out_angularRateX_RADs_dsp_value,MemoryClasses.CPUn_ThreadLocal_MemoryLocal,T6_DSP,,{'T6_DSP': 1},OS Application OS_App0_Core2 on Core 0 managing ['T6_DSP'],0,-1.0,OS_App0_Core2_0_T6_DSP_0
-1,Out_angularRateY_RADs_attObs,MemoryClasses.CPUn_ThreadLocal_MemoryLocal,T3_AttitudeObserver,,{'T3_AttitudeObserver': 1},OS Application OS_App1_Core0 on Core 1 managing ['T3_AttitudeObserver'],1,-1.0,OS_App1_Core0_1_T3_AttitudeObserver_0
-1,Out_angularStatesX_attObs_angle,MemoryClasses.Constant_Local,T1_Controllers,{'T1_Controllers': 1},,OS Application OS_App0_Core0 on Core 1 managing ['T1_Controllers'],1,-1.0,OS_App0_Core0_1_T1_Controllers_8
-1,Out_angularStatesX_attObs_angularRate,MemoryClasses.CPUn_ThreadLocal_MemoryLocal,T3_AttitudeObserver,,{'T3_AttitudeObserver': 1},OS Application OS_App1_Core0 on Core 1 managing ['T3_AttitudeObserver'],1,-1.0,OS_App1_Core0_1_T3_AttitudeObserver_0
-1,Out_angularStatesX_attObs_angularRate,MemoryClasses.Constant_Local,T1_Controllers,{'T1_Controllers': 1},,OS Application OS_App0_Core0 on Core 1 managing ['T1_Controllers'],1,-1.0,OS_App0_Core0_1_T1_Controllers_8
-1,Out_angularStatesX_attObs_angularState1,MemoryClasses.CPUn_ThreadLocal_MemoryLocal,T3_AttitudeObserver,,{'T3_AttitudeObserver': 1},OS Application OS_App1_Core0 on Core 1 managing ['T3_AttitudeObserver'],1,-1.0,OS_App1_Core0_1_T3_AttitudeObserver_0
-1,Out_angularStatesX_attObs_angularState1,MemoryClasses.Constant_Local,T1_Controllers,{'T1_Controllers': 1},,OS Application OS_App0_Core0 on Core 1 managing ['T1_Controllers'],1,-1.0,OS_App0_Core0_1_T1_Controllers_8
-1,Out_angularStatesX_attObs_angularState2,MemoryClasses.CPUn_ThreadLocal_MemoryLocal,T3_AttitudeObserver,,{'T3_AttitudeObserver': 1},OS Application OS_App1_Core0 on Core 1 managing ['T3_AttitudeObserver'],1,-1.0,OS_App1_Core0_1_T3_AttitudeObserver_0
-1,Out_angularStatesX_attObs_angularState2,MemoryClasses.Constant_Local,T1_Controllers,{'T1_Controllers': 1},,OS Application OS_App0_Core0 on Core 1 managing ['T1_Controllers'],1,-1.0,OS_App0_Core0_1_T1_Controllers_8
-1,Out_angularStatesY_attObs_angle,MemoryClasses.CPUn_ThreadLocal_MemoryLocal,T3_AttitudeObserver,,{'T3_AttitudeObserver': 1},OS Application OS_App1_Core0 on Core 1 managing ['T3_AttitudeObserver'],1,-1.0,OS_App1_Core0_1_T3_AttitudeObserver_0
-1,Out_angularStatesY_attObs_angle,MemoryClasses.Constant_Local,T1_Controllers,{'T1_Controllers': 1},,OS Application OS_App0_Core0 on Core 1 managing ['T1_Controllers'],1,-1.0,OS_App0_Core0_1_T1_Controllers_8
-1,Out_angularStatesY_attObs_angularRate,MemoryClasses.CPUn_ThreadLocal_MemoryLocal,T3_AttitudeObserver,,{'T3_AttitudeObserver': 1},OS Application OS_App1_Core0 on Core 1 managing ['T3_AttitudeObserver'],1,-1.0,OS_App1_Core0_1_T3_AttitudeObserver_0
-1,Out_angularStatesY_attObs_angularRate,MemoryClasses.Constant_Local,T1_Controllers,{'T1_Controllers': 1},,OS Application OS_App0_Core0 on Core 1 managing ['T1_Controllers'],1,-1.0,OS_App0_Core0_1_T1_Controllers_8
-1,Out_angularStatesY_attObs_angularState1,MemoryClasses.CPUn_ThreadLocal_MemoryLocal,T3_AttitudeObserver,,{'T3_AttitudeObserver': 1},OS Application OS_App1_Core0 on Core 1 managing ['T3_AttitudeObserver'],1,-1.0,OS_App1_Core0_1_T3_AttitudeObserver_0
-1,Out_angularStatesY_attObs_angularState1,MemoryClasses.Constant_Local,T1_Controllers,{'T1_Controllers': 1},,OS Application OS_App0_Core0 on Core 1 managing ['T1_Controllers'],1,-1.0,OS_App0_Core0_1_T1_Controllers_8
-1,Out_angularStatesY_attObs_angularState2,MemoryClasses.CPUn_ThreadLocal_MemoryLocal,T3_AttitudeObserver,,{'T3_AttitudeObserver': 1},OS Application OS_App1_Core0 on Core 1 managing ['T3_AttitudeObserver'],1,-1.0,OS_App1_Core0_1_T3_AttitudeObserver_0
-1,Out_angularStatesY_attObs_angularState2,MemoryClasses.Constant_Local,T1_Controllers,{'T1_Controllers': 1},,OS Application OS_App0_Core0 on Core 1 managing ['T1_Controllers'],1,-1.0,OS_App0_Core0_1_T1_Controllers_8
-1,Out_distZ_N_altObs_noiseVariance,MemoryClasses.CPUn_ThreadLocal_MemoryLocal,T5_AltitudeObserver,,{'T5_AltitudeObserver': 3},OS Application OS_App1_Core2 on Core 0 managing ['T5_AltitudeObserver'],0,-1.0,OS_App1_Core2_0_T5_AltitudeObserver_0
-1,Out_distZ_N_altObs_processVariance,MemoryClasses.CPUn_ThreadLocal_MemoryLocal,T5_AltitudeObserver,,{'T5_AltitudeObserver': 3},OS Application OS_App1_Core2 on Core 0 managing ['T5_AltitudeObserver'],0,-1.0,OS_App1_Core2_0_T5_AltitudeObserver_0
-1,Out_distZ_N_altObs_valid,MemoryClasses.CPUn_ThreadLocal_MemoryLocal,T5_AltitudeObserver,,{'T5_AltitudeObserver': 3},OS Application OS_App1_Core2 on Core 0 managing ['T5_AltitudeObserver'],0,-1.0,OS_App1_Core2_0_T5_AltitudeObserver_0
-1,Out_distZ_N_altObs_value,MemoryClasses.CPUn_ThreadLocal_MemoryLocal,T5_AltitudeObserver,,{'T5_AltitudeObserver': 3},OS Application OS_App1_Core2 on Core 0 managing ['T5_AltitudeObserver'],0,-1.0,OS_App1_Core2_0_T5_AltitudeObserver_0
-1,Out_distZ_N_heiObs_noiseVariance,MemoryClasses.CPUn_ThreadLocal_MemoryLocal,T4_HeightObserver,,{'T4_HeightObserver': 3},OS Application OS_App1_Core1 on Core 2 managing ['T4_HeightObserver'],2,-1.0,OS_App1_Core1_2_T4_HeightObserver_0
-1,Out_distZ_N_heiObs_processVariance,MemoryClasses.CPUn_ThreadLocal_MemoryLocal,T4_HeightObserver,,{'T4_HeightObserver': 3},OS Application OS_App1_Core1 on Core 2 managing ['T4_HeightObserver'],2,-1.0,OS_App1_Core1_2_T4_HeightObserver_0
-1,Out_distZ_N_heiObs_valid,MemoryClasses.CPUn_ThreadLocal_MemoryLocal,T4_HeightObserver,,{'T4_HeightObserver': 3},OS Application OS_App1_Core1 on Core 2 managing ['T4_HeightObserver'],2,-1.0,OS_App1_Core1_2_T4_HeightObserver_0
-1,Out_distZ_N_heiObs_value,MemoryClasses.CPUn_ThreadLocal_MemoryLocal,T4_HeightObserver,,{'T4_HeightObserver': 3},OS Application OS_App1_Core1 on Core 2 managing ['T4_HeightObserver'],2,-1.0,OS_App1_Core1_2_T4_HeightObserver_0
-1,Out_ThrustZ_g_altCon,MemoryClasses.Constant_Local,T1_Controllers,{'T1_Controllers': 1},,OS Application OS_App0_Core0 on Core 1 managing ['T1_Controllers'],1,-1.0,OS_App0_Core0_1_T1_Controllers_8
-1,Out_thrustZ_N_attCtr,MemoryClasses.Constant_Local,T2_EngineController,{'T2_EngineController': 1},,OS Application OS_App0_Core1 on Core 1 managing ['T2_EngineController'],1,-1.0,OS_App0_Core1_1_T2_EngineController_8
-1,Out_thrustZ_N_attCtr,MemoryClasses.CPUn_ThreadLocal_MemoryLocal,T1_Controllers,,{'T1_Controllers': 1},OS Application OS_App0_Core0 on Core 1 managing ['T1_Controllers'],1,-1.0,OS_App0_Core0_1_T1_Controllers_0
-1,Out_thrustZ_N_engCtr,MemoryClasses.CPUn_ThreadLocal_MemoryLocal,T2_EngineController,,{'T2_EngineController': 1},OS Application OS_App0_Core1 on Core 1 managing ['T2_EngineController'],1,-1.0,OS_App0_Core1_1_T2_EngineController_0
-1,Out_torqueX_NM_attCtr,MemoryClasses.Constant_Local,T2_EngineController,{'T2_EngineController': 1},,OS Application OS_App0_Core1 on Core 1 managing ['T2_EngineController'],1,-1.0,OS_App0_Core1_1_T2_EngineController_8
-1,Out_torqueX_NM_attCtr,MemoryClasses.CPUn_ThreadLocal_MemoryLocal,T1_Controllers,,{'T1_Controllers': 1},OS Application OS_App0_Core0 on Core 1 managing ['T1_Controllers'],1,-1.0,OS_App0_Core0_1_T1_Controllers_0
-1,Out_torqueX_NM_engCtr,MemoryClasses.Constant_Local,T3_AttitudeObserver,{'T3_AttitudeObserver': 1},,OS Application OS_App1_Core0 on Core 1 managing ['T3_AttitudeObserver'],1,-1.0,OS_App1_Core0_1_T3_AttitudeObserver_8
-1,Out_torqueX_NM_engCtr,MemoryClasses.CPUn_ThreadLocal_MemoryLocal,T2_EngineController,,{'T2_EngineController': 1},OS Application OS_App0_Core1 on Core 1 managing ['T2_EngineController'],1,-1.0,OS_App0_Core1_1_T2_EngineController_0
-1,Out_torqueY_NM_attCtr,MemoryClasses.Constant_Local,T2_EngineController,{'T2_EngineController': 1},,OS Application OS_App0_Core1 on Core 1 managing ['T2_EngineController'],1,-1.0,OS_App0_Core1_1_T2_EngineController_8
-1,Out_torqueY_NM_attCtr,MemoryClasses.CPUn_ThreadLocal_MemoryLocal,T1_Controllers,,{'T1_Controllers': 1},OS Application OS_App0_Core0 on Core 1 managing ['T1_Controllers'],1,-1.0,OS_App0_Core0_1_T1_Controllers_0
-1,Out_torqueY_NM_engCtr,MemoryClasses.Constant_Local,T3_AttitudeObserver,{'T3_AttitudeObserver': 1},,OS Application OS_App1_Core0 on Core 1 managing ['T3_AttitudeObserver'],1,-1.0,OS_App1_Core0_1_T3_AttitudeObserver_8
-1,Out_torqueY_NM_engCtr,MemoryClasses.CPUn_ThreadLocal_MemoryLocal,T2_EngineController,,{'T2_EngineController': 1},OS Application OS_App0_Core1 on Core 1 managing ['T2_EngineController'],1,-1.0,OS_App0_Core1_1_T2_EngineController_0
-1,Out_torqueZ_NM_attCtr,MemoryClasses.Constant_Local,T2_EngineController,{'T2_EngineController': 1},,OS Application OS_App0_Core1 on Core 1 managing ['T2_EngineController'],1,-1.0,OS_App0_Core1_1_T2_EngineController_8
-1,Out_torqueZ_NM_attCtr,MemoryClasses.CPUn_ThreadLocal_MemoryLocal,T1_Controllers,,{'T1_Controllers': 1},OS Application OS_App0_Core0 on Core 1 managing ['T1_Controllers'],1,-1.0,OS_App0_Core0_1_T1_Controllers_0
-1,Out_VelocityZ_Ms_altObs_noiseVariance,MemoryClasses.CPUn_ThreadLocal_MemoryLocal,T5_AltitudeObserver,,{'T5_AltitudeObserver': 3},OS Application OS_App1_Core2 on Core 0 managing ['T5_AltitudeObserver'],0,-1.0,OS_App1_Core2_0_T5_AltitudeObserver_0
-1,Out_VelocityZ_Ms_altObs_noiseVariance,MemoryClasses.Constant_Local,T1_Controllers,{'T1_Controllers': 1},,OS Application OS_App0_Core0 on Core 1 managing ['T1_Controllers'],1,-1.0,OS_App0_Core0_1_T1_Controllers_8
-1,Out_VelocityZ_Ms_altObs_processVariance,MemoryClasses.CPUn_ThreadLocal_MemoryLocal,T5_AltitudeObserver,,{'T5_AltitudeObserver': 3},OS Application OS_App1_Core2 on Core 0 managing ['T5_AltitudeObserver'],0,-1.0,OS_App1_Core2_0_T5_AltitudeObserver_0
-1,Out_VelocityZ_Ms_altObs_processVariance,MemoryClasses.Constant_Local,T1_Controllers,{'T1_Controllers': 1},,OS Application OS_App0_Core0 on Core 1 managing ['T1_Controllers'],1,-1.0,OS_App0_Core0_1_T1_Controllers_8
-1,Out_VelocityZ_Ms_altObs_valid,MemoryClasses.CPUn_ThreadLocal_MemoryLocal,T5_AltitudeObserver,,{'T5_AltitudeObserver': 3},OS Application OS_App1_Core2 on Core 0 managing ['T5_AltitudeObserver'],0,-1.0,OS_App1_Core2_0_T5_AltitudeObserver_0
-1,Out_VelocityZ_Ms_altObs_valid,MemoryClasses.Constant_Local,T1_Controllers,{'T1_Controllers': 1},,OS Application OS_App0_Core0 on Core 1 managing ['T1_Controllers'],1,-1.0,OS_App0_Core0_1_T1_Controllers_8
-1,Out_VelocityZ_Ms_altObs_value,MemoryClasses.CPUn_ThreadLocal_MemoryLocal,T5_AltitudeObserver,,{'T5_AltitudeObserver': 3},OS Application OS_App1_Core2 on Core 0 managing ['T5_AltitudeObserver'],0,-1.0,OS_App1_Core2_0_T5_AltitudeObserver_0
-1,Out_VelocityZ_Ms_altObs_value,MemoryClasses.Constant_Local,T1_Controllers,{'T1_Controllers': 1},,OS Application OS_App0_Core0 on Core 1 managing ['T1_Controllers'],1,-1.0,OS_App0_Core0_1_T1_Controllers_8
-1,Out_VelocityZ_Ms_heiObs_noiseVariance,MemoryClasses.CPUn_ThreadLocal_MemoryLocal,T4_HeightObserver,,{'T4_HeightObserver': 3},OS Application OS_App1_Core1 on Core 2 managing ['T4_HeightObserver'],2,-1.0,OS_App1_Core1_2_T4_HeightObserver_0
-1,Out_VelocityZ_Ms_heiObs_processVariance,MemoryClasses.CPUn_ThreadLocal_MemoryLocal,T4_HeightObserver,,{'T4_HeightObserver': 3},OS Application OS_App1_Core1 on Core 2 managing ['T4_HeightObserver'],2,-1.0,OS_App1_Core1_2_T4_HeightObserver_0
-1,Out_VelocityZ_Ms_heiObs_valid,MemoryClasses.CPUn_ThreadLocal_MemoryLocal,T4_HeightObserver,,{'T4_HeightObserver': 3},OS Application OS_App1_Core1 on Core 2 managing ['T4_HeightObserver'],2,-1.0,OS_App1_Core1_2_T4_HeightObserver_0
-1,Out_VelocityZ_Ms_heiObs_value,MemoryClasses.CPUn_ThreadLocal_MemoryLocal,T4_HeightObserver,,{'T4_HeightObserver': 3},OS Application OS_App1_Core1 on Core 2 managing ['T4_HeightObserver'],2,-1.0,OS_App1_Core1_2_T4_HeightObserver_0
-1,OutAccZ_Mss_heiObs_valid,MemoryClasses.CPUn_ThreadLocal_MemoryLocal,T4_HeightObserver,,{'T4_HeightObserver': 3},OS Application OS_App1_Core1 on Core 2 managing ['T4_HeightObserver'],2,-1.0,OS_App1_Core1_2_T4_HeightObserver_0
-1,VI_Gain_Value,MemoryClasses.Calibration,T4_HeightObserver,{'T4_HeightObserver': 3},,OS Application OS_App1_Core1 on Core 2 managing ['T4_HeightObserver'],2,-1.0,
